"No.","Time","Source","Destination","Protocol","Length","Info"
"1","2025-01-06 10:31:34,261695","138.38.28.14","40.101.70.194","TLSv1.2","540","Application Data"
"2","2025-01-06 10:31:34,261828","138.38.28.14","40.101.70.194","TLSv1.2","93","Application Data"
"3","2025-01-06 10:31:34,266407","138.38.28.14","40.101.70.194","TCP","1514","55684  >  443 [ACK] Seq=526 Ack=1 Win=1020 Len=1460 [TCP PDU reassembled in 6]"
"4","2025-01-06 10:31:34,266407","138.38.28.14","40.101.70.194","TCP","1514","55684  >  443 [ACK] Seq=1986 Ack=1 Win=1020 Len=1460 [TCP PDU reassembled in 6]"
"5","2025-01-06 10:31:34,266407","138.38.28.14","40.101.70.194","TCP","1514","55684  >  443 [ACK] Seq=3446 Ack=1 Win=1020 Len=1460 [TCP PDU reassembled in 6]"
"6","2025-01-06 10:31:34,266407","138.38.28.14","40.101.70.194","TLSv1.2","124","Application Data"
"7","2025-01-06 10:31:34,274980","138.38.28.14","104.18.27.193","TCP","55","56376  >  443 [ACK] Seq=1 Ack=1 Win=250 Len=1"
"8","2025-01-06 10:31:34,275069","138.38.28.14","34.36.216.150","TCP","55","56432  >  443 [ACK] Seq=1 Ack=1 Win=255 Len=1"
"9","2025-01-06 10:31:34,322276","Apple_92:ec:ea","Broadcast","ARP","56","Who has 138.38.2.27? Tell 138.38.19.172"
"10","2025-01-06 10:31:34,323644","40.101.70.194","138.38.28.14","TCP","60","443  >  55684 [ACK] Seq=1 Ack=526 Win=16385 Len=0"
"11","2025-01-06 10:31:34,323644","40.101.70.194","138.38.28.14","TLSv1.2","93","Application Data"
"12","2025-01-06 10:31:34,323644","40.101.70.194","138.38.28.14","TCP","60","443  >  55684 [ACK] Seq=40 Ack=1986 Win=16385 Len=0"
"13","2025-01-06 10:31:34,323644","40.101.70.194","138.38.28.14","TCP","60","443  >  55684 [ACK] Seq=40 Ack=4906 Win=16385 Len=0"
"14","2025-01-06 10:31:34,323644","40.101.70.194","138.38.28.14","TCP","60","443  >  55684 [ACK] Seq=40 Ack=4976 Win=16384 Len=0"
"15","2025-01-06 10:31:34,323748","40.101.70.194","138.38.28.14","TLSv1.2","95","Application Data"
"16","2025-01-06 10:31:34,323748","34.36.216.150","138.38.28.14","TCP","66","443  >  56432 [ACK] Seq=1 Ack=2 Win=1045 Len=0 SLE=1 SRE=2"
"17","2025-01-06 10:31:34,323783","138.38.28.14","40.101.70.194","TCP","54","55684  >  443 [ACK] Seq=4976 Ack=81 Win=1020 Len=0"
"18","2025-01-06 10:31:34,329304","138.38.28.14","172.217.20.78","TCP","1466","55683  >  443 [ACK] Seq=1 Ack=1 Win=251 Len=1412 [TCP PDU reassembled in 19]"
"19","2025-01-06 10:31:34,329304","138.38.28.14","172.217.20.78","TLSv1.2","1128","Application Data"
"20","2025-01-06 10:31:34,329473","138.38.28.14","172.217.20.78","TLSv1.2","93","Application Data"
"21","2025-01-06 10:31:34,329714","138.38.28.14","40.101.70.194","TLSv1.2","89","Application Data"
"22","2025-01-06 10:31:34,329830","104.18.27.193","138.38.28.14","TCP","66","443  >  56376 [ACK] Seq=1 Ack=2 Win=11 Len=0 SLE=1 SRE=2"
"23","2025-01-06 10:31:34,329905","138.38.28.14","40.101.70.194","TLSv1.2","89","Application Data"
"24","2025-01-06 10:31:34,351086","138.38.28.14","172.217.169.206","TCP","1466","55681  >  443 [ACK] Seq=1 Ack=1 Win=507 Len=1412 [TCP PDU reassembled in 25]"
"25","2025-01-06 10:31:34,351086","138.38.28.14","172.217.169.206","TLSv1.2","1343","Application Data"
"26","2025-01-06 10:31:34,351239","138.38.28.14","172.217.169.206","TLSv1.2","311","Application Data"
"27","2025-01-06 10:31:34,352840","138.38.28.14","172.217.17.142","TLSv1.2","226","Application Data"
"28","2025-01-06 10:31:34,352959","138.38.28.14","172.217.17.142","TLSv1.2","93","Application Data"
"29","2025-01-06 10:31:34,353009","138.38.28.14","172.217.17.142","TLSv1.2","961","Application Data"
"30","2025-01-06 10:31:34,354405","172.217.20.78","138.38.28.14","TCP","60","443  >  55683 [ACK] Seq=1 Ack=1413 Win=810 Len=0"
"31","2025-01-06 10:31:34,354405","172.217.20.78","138.38.28.14","TCP","60","443  >  55683 [ACK] Seq=1 Ack=2487 Win=806 Len=0"
"32","2025-01-06 10:31:34,354405","172.217.20.78","138.38.28.14","TCP","60","443  >  55683 [ACK] Seq=1 Ack=2526 Win=806 Len=0"
"33","2025-01-06 10:31:34,354478","172.217.20.78","138.38.28.14","TLSv1.2","93","Application Data"
"34","2025-01-06 10:31:34,361747","40.101.70.194","138.38.28.14","TCP","60","443  >  55684 [ACK] Seq=81 Ack=5046 Win=16384 Len=0"
"35","2025-01-06 10:31:34,361747","40.101.70.194","138.38.28.14","TCP","1514","443  >  55684 [ACK] Seq=81 Ack=5046 Win=16384 Len=1460 [TCP PDU reassembled in 36]"
"36","2025-01-06 10:31:34,361747","40.101.70.194","138.38.28.14","TLSv1.2","378","Application Data"
"37","2025-01-06 10:31:34,361807","138.38.28.14","40.101.70.194","TCP","54","55684  >  443 [ACK] Seq=5046 Ack=1865 Win=1023 Len=0"
"38","2025-01-06 10:31:34,362170","40.101.70.194","138.38.28.14","TLSv1.2","85","Application Data"
"39","2025-01-06 10:31:34,366158","40.101.70.194","138.38.28.14","TCP","1514","443  >  55684 [ACK] Seq=1896 Ack=5046 Win=16384 Len=1460 [TCP PDU reassembled in 40]"
"40","2025-01-06 10:31:34,366158","40.101.70.194","138.38.28.14","TLSv1.2","920","Application Data"
"41","2025-01-06 10:31:34,366225","138.38.28.14","40.101.70.194","TCP","54","55684  >  443 [ACK] Seq=5046 Ack=4222 Win=1023 Len=0"
"42","2025-01-06 10:31:34,366443","40.101.70.194","138.38.28.14","TLSv1.2","85","Application Data"
"43","2025-01-06 10:31:34,366460","138.38.28.14","40.101.70.194","TCP","54","55684  >  443 [ACK] Seq=5046 Ack=4253 Win=1023 Len=0"
"44","2025-01-06 10:31:34,408840","138.38.28.14","172.217.20.78","TCP","54","55683  >  443 [ACK] Seq=2526 Ack=40 Win=251 Len=0"
"45","2025-01-06 10:31:34,416300","172.217.169.206","138.38.28.14","TCP","66","443  >  55681 [ACK] Seq=1 Ack=1 Win=1171 Len=0 SLE=1413 SRE=2702"
"46","2025-01-06 10:31:34,416377","172.217.169.206","138.38.28.14","TCP","66","[TCP Dup ACK 45#1] 443  >  55681 [ACK] Seq=1 Ack=1 Win=1182 Len=0 SLE=1413 SRE=2959"
"47","2025-01-06 10:31:34,416377","172.217.169.206","138.38.28.14","TCP","60","443  >  55681 [ACK] Seq=1 Ack=2959 Win=1193 Len=0"
"48","2025-01-06 10:31:34,416377","172.217.17.142","138.38.28.14","TCP","60","443  >  55909 [ACK] Seq=1 Ack=173 Win=979 Len=0"
"49","2025-01-06 10:31:34,416377","172.217.17.142","138.38.28.14","TCP","60","443  >  55909 [ACK] Seq=1 Ack=1119 Win=976 Len=0"
"50","2025-01-06 10:31:34,416377","172.217.17.142","138.38.28.14","TCP","60","443  >  55909 [ACK] Seq=1 Ack=212 Win=979 Len=0"
"51","2025-01-06 10:31:34,416377","172.217.17.142","138.38.28.14","TLSv1.2","93","Application Data"
"52","2025-01-06 10:31:34,416433","138.38.28.14","172.217.17.142","TCP","54","55909  >  443 [ACK] Seq=1119 Ack=40 Win=255 Len=0"
"53","2025-01-06 10:31:34,416504","172.217.20.78","138.38.28.14","TLSv1.2","840","Application Data"
"54","2025-01-06 10:31:34,416504","172.217.20.78","138.38.28.14","TLSv1.2","109","Application Data"
"55","2025-01-06 10:31:34,416504","172.217.20.78","138.38.28.14","TLSv1.2","86","Application Data"
"56","2025-01-06 10:31:34,416504","172.217.20.78","138.38.28.14","TLSv1.2","85","Application Data"
"57","2025-01-06 10:31:34,416504","172.217.20.78","138.38.28.14","TLSv1.2","93","Application Data"
"58","2025-01-06 10:31:34,416537","138.38.28.14","172.217.20.78","TCP","54","55683  >  443 [ACK] Seq=2526 Ack=983 Win=255 Len=0"
"59","2025-01-06 10:31:34,419604","138.38.28.14","172.217.20.78","TLSv1.2","89","Application Data"
"60","2025-01-06 10:31:34,419777","138.38.28.14","172.217.20.78","TLSv1.2","93","Application Data"
"61","2025-01-06 10:31:34,423410","172.217.169.206","138.38.28.14","TLSv1.2","123","Application Data"
"62","2025-01-06 10:31:34,423410","172.217.169.206","138.38.28.14","TLSv1.2","85","Application Data"
"63","2025-01-06 10:31:34,423410","172.217.169.206","138.38.28.14","TLSv1.2","93","Application Data"
"64","2025-01-06 10:31:34,423493","138.38.28.14","172.217.169.206","TCP","54","55681  >  443 [ACK] Seq=2959 Ack=140 Win=506 Len=0"
"65","2025-01-06 10:31:34,424673","138.38.28.14","172.217.169.206","TLSv1.2","93","Application Data"
"66","2025-01-06 10:31:34,472582","138.38.28.14","34.160.236.64","TCP","55","56563  >  443 [ACK] Seq=1 Ack=1 Win=250 Len=1"
"67","2025-01-06 10:31:34,480656","172.217.20.78","138.38.28.14","TCP","60","443  >  55683 [ACK] Seq=983 Ack=2600 Win=806 Len=0"
"68","2025-01-06 10:31:34,480656","172.217.17.142","138.38.28.14","TLSv1.2","310","Application Data"
"69","2025-01-06 10:31:34,480656","172.217.17.142","138.38.28.14","TLSv1.2","384","Application Data"
"70","2025-01-06 10:31:34,480656","172.217.17.142","138.38.28.14","TLSv1.2","85","Application Data"
"71","2025-01-06 10:31:34,480656","172.217.17.142","138.38.28.14","TLSv1.2","93","Application Data"
"72","2025-01-06 10:31:34,480812","138.38.28.14","172.217.17.142","TCP","54","55909  >  443 [ACK] Seq=1119 Ack=696 Win=253 Len=0"
"73","2025-01-06 10:31:34,483120","138.38.28.14","172.217.17.142","TLSv1.2","89","Application Data"
"74","2025-01-06 10:31:34,483237","138.38.28.14","172.217.17.142","TLSv1.2","93","Application Data"
"75","2025-01-06 10:31:34,484127","172.217.169.206","138.38.28.14","TCP","60","443  >  55681 [ACK] Seq=140 Ack=2998 Win=1193 Len=0"
"76","2025-01-06 10:31:34,528072","34.160.236.64","138.38.28.14","TCP","66","443  >  56563 [ACK] Seq=1 Ack=2 Win=1045 Len=0 SLE=1 SRE=2"
"77","2025-01-06 10:31:34,528487","172.217.17.142","138.38.28.14","TCP","60","443  >  55909 [ACK] Seq=696 Ack=1193 Win=976 Len=0"
"78","2025-01-06 10:31:34,630282","fe80::7ce3:18ff:fe46:81c2","ff02::2","ICMPv6","70","Router Solicitation from 7e:e3:18:46:81:c2"
"79","2025-01-06 10:31:34,681126","138.38.28.14","188.42.191.196","TCP","55","56538  >  443 [ACK] Seq=1 Ack=1 Win=255 Len=1"
"80","2025-01-06 10:31:34,835468","188.42.191.196","138.38.28.14","TCP","66","443  >  56538 [ACK] Seq=1 Ack=2 Win=26 Len=0 SLE=1 SRE=2"
"81","2025-01-06 10:31:34,888209","138.38.28.14","34.95.81.88","TCP","55","56599  >  443 [ACK] Seq=1 Ack=1 Win=252 Len=1"
"82","2025-01-06 10:31:34,904604","138.38.28.14","35.214.136.108","TCP","55","56372  >  443 [ACK] Seq=1 Ack=1 Win=251 Len=1"
"83","2025-01-06 10:31:34,937433","RuijieNetwor_ed:cd:8c","Broadcast","ARP","60","Who has 138.38.3.158? Tell 138.38.0.1"
"84","2025-01-06 10:31:34,937987","34.95.81.88","138.38.28.14","TCP","66","443  >  56599 [ACK] Seq=1 Ack=2 Win=1046 Len=0 SLE=1 SRE=2"
"85","2025-01-06 10:31:34,967852","35.214.136.108","138.38.28.14","TCP","66","443  >  56372 [ACK] Seq=1 Ack=2 Win=1045 Len=0 SLE=1 SRE=2"
"86","2025-01-06 10:31:35,080221","138.38.28.14","35.244.154.8","TCP","55","56522  >  443 [ACK] Seq=1 Ack=1 Win=254 Len=1"
"87","2025-01-06 10:31:35,142598","35.244.154.8","138.38.28.14","TCP","66","443  >  56522 [ACK] Seq=1 Ack=2 Win=1046 Len=0 SLE=1 SRE=2"
"88","2025-01-06 10:31:35,690109","138.38.28.14","107.178.254.65","TCP","55","56688  >  443 [ACK] Seq=1 Ack=1 Win=251 Len=1"
"89","2025-01-06 10:31:35,721768","138.38.28.14","35.206.140.87","TCP","55","56609  >  443 [ACK] Seq=1 Ack=1 Win=255 Len=1"
"90","2025-01-06 10:31:35,729284","107.178.254.65","138.38.28.14","TCP","66","443  >  56688 [ACK] Seq=1 Ack=2 Win=1046 Len=0 SLE=1 SRE=2"
"91","2025-01-06 10:31:35,834056","138.38.28.14","104.18.41.104","TCP","55","56712  >  443 [ACK] Seq=1 Ack=1 Win=255 Len=1"
"92","2025-01-06 10:31:35,842453","35.206.140.87","138.38.28.14","TCP","66","443  >  56609 [ACK] Seq=1 Ack=2 Win=1045 Len=0 SLE=1 SRE=2"
"93","2025-01-06 10:31:35,850513","104.18.41.104","138.38.28.14","TCP","66","443  >  56712 [ACK] Seq=1 Ack=2 Win=10 Len=0 SLE=1 SRE=2"
"94","2025-01-06 10:31:35,859975","RuijieNetwor_ed:cd:8c","Broadcast","ARP","60","Who has 138.38.5.78? Tell 138.38.0.1"
"95","2025-01-06 10:31:35,961137","RuijieNetwor_ed:cd:8c","Broadcast","ARP","60","Who has 138.38.3.158? Tell 138.38.0.1"
"96","2025-01-06 10:31:36,327497","138.38.28.14","35.208.249.213","TCP","55","56568  >  443 [ACK] Seq=1 Ack=1 Win=250 Len=1"
"97","2025-01-06 10:31:36,575918","35.208.249.213","138.38.28.14","TCP","66","443  >  56568 [ACK] Seq=1 Ack=2 Win=1045 Len=0 SLE=1 SRE=2"
"98","2025-01-06 10:31:36,738911","138.38.28.14","104.19.133.76","TCP","55","56713  >  443 [ACK] Seq=1 Ack=1 Win=252 Len=1"
"99","2025-01-06 10:31:36,882718","RuijieNetwor_ed:cd:8c","Broadcast","ARP","60","Who has 138.38.5.78? Tell 138.38.0.1"
"100","2025-01-06 10:31:36,882795","104.19.133.76","138.38.28.14","TCP","66","443  >  56713 [ACK] Seq=1 Ack=2 Win=10 Len=0 SLE=1 SRE=2"
"101","2025-01-06 10:31:37,189762","4e:99:7a:6a:a8:68","Broadcast","ARP","56","Gratuitous ARP for 138.38.7.196 (Reply)"
"102","2025-01-06 10:31:37,246286","138.38.28.14","192.168.1.201","TCP","66","57071  >  53 [SYN] Seq=0 Win=65535 Len=0 MSS=1460 WS=256 SACK_PERM"
"103","2025-01-06 10:31:37,246553","138.38.28.14","192.168.1.201","TCP","66","57072  >  53 [SYN] Seq=0 Win=65535 Len=0 MSS=1460 WS=256 SACK_PERM"
"104","2025-01-06 10:31:37,272817","192.168.1.201","138.38.28.14","TCP","66","53  >  57072 [SYN, ACK] Seq=0 Ack=1 Win=8192 Len=0 MSS=1460 WS=256 SACK_PERM"
"105","2025-01-06 10:31:37,273025","138.38.28.14","192.168.1.201","TCP","54","57072  >  53 [ACK] Seq=1 Ack=1 Win=65280 Len=0"
"106","2025-01-06 10:31:37,273344","138.38.28.14","192.168.1.201","TCP","56","57072  >  53 [PSH, ACK] Seq=1 Ack=1 Win=65280 Len=2 [TCP PDU reassembled in 107]"
"107","2025-01-06 10:31:37,273401","138.38.28.14","192.168.1.201","DNS","91","Standard query 0x3410 HTTPS accounts.google.com"
"108","2025-01-06 10:31:37,278687","192.168.1.201","138.38.28.14","TCP","66","53  >  57071 [SYN, ACK] Seq=0 Ack=1 Win=8192 Len=0 MSS=1460 WS=256 SACK_PERM"
"109","2025-01-06 10:31:37,278832","138.38.28.14","192.168.1.201","TCP","54","57071  >  53 [ACK] Seq=1 Ack=1 Win=65280 Len=0"
"110","2025-01-06 10:31:37,279038","138.38.28.14","192.168.1.201","TCP","56","57071  >  53 [PSH, ACK] Seq=1 Ack=1 Win=65280 Len=2 [TCP PDU reassembled in 111]"
"111","2025-01-06 10:31:37,279090","138.38.28.14","192.168.1.201","DNS","91","Standard query 0x25e9 A accounts.google.com"
"112","2025-01-06 10:31:37,284708","192.168.1.201","138.38.28.14","TCP","60","53  >  57072 [ACK] Seq=1 Ack=40 Win=131328 Len=0"
"113","2025-01-06 10:31:37,286571","192.168.1.201","138.38.28.14","TCP","60","53  >  57071 [ACK] Seq=1 Ack=40 Win=131328 Len=0"
"114","2025-01-06 10:31:37,286571","192.168.1.201","138.38.28.14","DNS","109","Standard query response 0x25e9 A accounts.google.com A 108.177.96.84"
"115","2025-01-06 10:31:37,287001","138.38.28.14","192.168.1.201","TCP","54","57071  >  53 [FIN, ACK] Seq=40 Ack=56 Win=65280 Len=0"
"116","2025-01-06 10:31:37,292566","192.168.1.201","138.38.28.14","DNS","143","Standard query response 0x3410 HTTPS accounts.google.com SOA ns1.google.com"
"117","2025-01-06 10:31:37,293380","138.38.28.14","108.177.96.84","TCP","66","57073  >  443 [SYN] Seq=0 Win=65535 Len=0 MSS=1460 WS=256 SACK_PERM"
"118","2025-01-06 10:31:37,293499","138.38.28.14","192.168.1.201","TCP","54","57072  >  53 [FIN, ACK] Seq=40 Ack=90 Win=65280 Len=0"
"119","2025-01-06 10:31:37,300846","192.168.1.201","138.38.28.14","TCP","60","53  >  57071 [ACK] Seq=56 Ack=41 Win=131328 Len=0"
"120","2025-01-06 10:31:37,396014","192.168.1.201","138.38.28.14","TCP","60","53  >  57071 [FIN, ACK] Seq=56 Ack=41 Win=131328 Len=0"
"121","2025-01-06 10:31:37,396106","138.38.28.14","192.168.1.201","TCP","54","57071  >  53 [ACK] Seq=41 Ack=57 Win=65280 Len=0"
"122","2025-01-06 10:31:37,396326","192.168.1.201","138.38.28.14","TCP","60","53  >  57072 [ACK] Seq=90 Ack=41 Win=131328 Len=0"
"123","2025-01-06 10:31:37,396326","192.168.1.201","138.38.28.14","TCP","60","53  >  57072 [FIN, ACK] Seq=90 Ack=41 Win=131328 Len=0"
"124","2025-01-06 10:31:37,396390","138.38.28.14","192.168.1.201","TCP","54","57072  >  53 [ACK] Seq=41 Ack=91 Win=65280 Len=0"
"125","2025-01-06 10:31:37,396742","108.177.96.84","138.38.28.14","TCP","66","443  >  57073 [SYN, ACK] Seq=0 Ack=1 Win=65535 Len=0 MSS=1412 SACK_PERM WS=256"
"126","2025-01-06 10:31:37,396882","138.38.28.14","108.177.96.84","TCP","54","57073  >  443 [ACK] Seq=1 Ack=1 Win=65280 Len=0"
"127","2025-01-06 10:31:37,398037","138.38.28.14","108.177.96.84","TCP","1466","57073  >  443 [ACK] Seq=1 Ack=1 Win=65280 Len=1412 [TCP PDU reassembled in 128]"
"128","2025-01-06 10:31:37,398037","138.38.28.14","108.177.96.84","TLSv1.3","862","Client Hello (SNI=accounts.google.com)"
"129","2025-01-06 10:31:37,455511","138.38.28.14","34.111.113.62","TCP","55","56518  >  443 [ACK] Seq=1 Ack=1 Win=254 Len=1"
"130","2025-01-06 10:31:37,467930","108.177.96.84","138.38.28.14","TCP","60","443  >  57073 [ACK] Seq=1 Ack=1413 Win=268288 Len=0"
"131","2025-01-06 10:31:37,467930","108.177.96.84","138.38.28.14","TCP","60","443  >  57073 [ACK] Seq=1 Ack=2221 Win=267520 Len=0"
"132","2025-01-06 10:31:37,467930","108.177.96.84","138.38.28.14","TLSv1.3","1466","Server Hello, Change Cipher Spec"
"133","2025-01-06 10:31:37,468029","138.38.28.14","108.177.96.84","TCP","54","57073  >  443 [ACK] Seq=2221 Ack=1413 Win=65280 Len=0"
"134","2025-01-06 10:31:37,473785","108.177.96.84","138.38.28.14","TLSv1.3","110","Application Data"
"135","2025-01-06 10:31:37,473844","138.38.28.14","108.177.96.84","TCP","54","57073  >  443 [ACK] Seq=2221 Ack=1469 Win=65280 Len=0"
"136","2025-01-06 10:31:37,475939","138.38.28.14","108.177.96.84","TLSv1.3","128","Change Cipher Spec, Application Data"
"137","2025-01-06 10:31:37,476314","138.38.28.14","108.177.96.84","TLSv1.3","146","Application Data"
"138","2025-01-06 10:31:37,476765","138.38.28.14","108.177.96.84","TCP","1466","57073  >  443 [ACK] Seq=2387 Ack=1469 Win=65280 Len=1412 [TCP PDU reassembled in 140]"
"139","2025-01-06 10:31:37,476765","138.38.28.14","108.177.96.84","TCP","1466","57073  >  443 [ACK] Seq=3799 Ack=1469 Win=65280 Len=1412 [TCP PDU reassembled in 140]"
"140","2025-01-06 10:31:37,476765","138.38.28.14","108.177.96.84","TLSv1.3","448","Application Data"
"141","2025-01-06 10:31:37,476979","138.38.28.14","108.177.96.84","TCP","1466","57073  >  443 [ACK] Seq=5605 Ack=1469 Win=65280 Len=1412 [TCP PDU reassembled in 143]"
"142","2025-01-06 10:31:37,476979","138.38.28.14","108.177.96.84","TCP","1466","57073  >  443 [ACK] Seq=7017 Ack=1469 Win=65280 Len=1412 [TCP PDU reassembled in 143]"
"143","2025-01-06 10:31:37,476979","138.38.28.14","108.177.96.84","TLSv1.3","448","Application Data"
"144","2025-01-06 10:31:37,477057","138.38.28.14","108.177.96.84","TLSv1.3","111","Application Data"
"145","2025-01-06 10:31:37,477097","138.38.28.14","108.177.96.84","TLSv1.3","111","Application Data"
"146","2025-01-06 10:31:37,490602","34.111.113.62","138.38.28.14","TCP","66","443  >  56518 [ACK] Seq=1 Ack=2 Win=1044 Len=0 SLE=1 SRE=2"
"147","2025-01-06 10:31:37,600413","108.177.96.84","138.38.28.14","TCP","60","443  >  57073 [ACK] Seq=1469 Ack=3799 Win=265984 Len=0"
"148","2025-01-06 10:31:37,600413","108.177.96.84","138.38.28.14","TCP","60","443  >  57073 [ACK] Seq=1469 Ack=5605 Win=264192 Len=0"
"149","2025-01-06 10:31:37,600413","108.177.96.84","138.38.28.14","TLSv1.3","1022","Application Data, Application Data"
"150","2025-01-06 10:31:37,600622","108.177.96.84","138.38.28.14","TLSv1.3","85","Application Data"
"151","2025-01-06 10:31:37,600622","108.177.96.84","138.38.28.14","TCP","60","443  >  57073 [ACK] Seq=2468 Ack=8937 Win=261120 Len=0"
"152","2025-01-06 10:31:37,600622","108.177.96.84","138.38.28.14","TCP","66","443  >  57073 [ACK] Seq=2468 Ack=7017 Win=262912 Len=0 SLE=8429 SRE=8823"
"153","2025-01-06 10:31:37,600622","108.177.96.84","138.38.28.14","TCP","66","[TCP Dup ACK 152#1] 443  >  57073 [ACK] Seq=2468 Ack=7017 Win=262912 Len=0 SLE=8429 SRE=8880"
"154","2025-01-06 10:31:37,600622","108.177.96.84","138.38.28.14","TCP","66","[TCP Dup ACK 152#2] 443  >  57073 [ACK] Seq=2468 Ack=7017 Win=262912 Len=0 SLE=8429 SRE=8937"
"155","2025-01-06 10:31:37,600622","108.177.96.84","138.38.28.14","TLSv1.3","1296","Application Data"
"156","2025-01-06 10:31:37,600622","108.177.96.84","138.38.28.14","TLSv1.3","166","Application Data"
"157","2025-01-06 10:31:37,600622","108.177.96.84","138.38.28.14","TLSv1.3","305","Application Data"
"158","2025-01-06 10:31:37,600622","108.177.96.84","138.38.28.14","TLSv1.3","85","Application Data"
"159","2025-01-06 10:31:37,600622","108.177.96.84","138.38.28.14","TLSv1.3","93","Application Data"
"160","2025-01-06 10:31:37,600622","108.177.96.84","138.38.28.14","TLSv1.3","930","Application Data"
"161","2025-01-06 10:31:37,600622","108.177.96.84","138.38.28.14","TLSv1.3","285","Application Data"
"162","2025-01-06 10:31:37,600622","108.177.96.84","138.38.28.14","TLSv1.3","318","Application Data"
"163","2025-01-06 10:31:37,600622","108.177.96.84","138.38.28.14","TLSv1.3","85","Application Data"
"164","2025-01-06 10:31:37,600716","138.38.28.14","108.177.96.84","TCP","54","57073  >  443 [ACK] Seq=8937 Ack=5545 Win=65280 Len=0"
"165","2025-01-06 10:31:37,604499","138.38.28.14","108.177.96.84","TLSv1.3","85","Application Data"
"166","2025-01-06 10:31:37,604651","138.38.28.14","108.177.96.84","TLSv1.3","93","Application Data"
"167","2025-01-06 10:31:37,702530","108.177.96.84","138.38.28.14","TCP","60","443  >  57073 [ACK] Seq=5545 Ack=9007 Win=261120 Len=0"
"168","2025-01-06 10:31:37,757832","138.38.28.14","35.186.193.173","TCP","55","56403  >  443 [ACK] Seq=1 Ack=1 Win=255 Len=1"
"169","2025-01-06 10:31:37,805855","35.186.193.173","138.38.28.14","TCP","66","443  >  56403 [ACK] Seq=1 Ack=2 Win=1044 Len=0 SLE=1 SRE=2"
"170","2025-01-06 10:31:37,908659","RuijieNetwor_ed:cd:8c","Broadcast","ARP","60","Who has 138.38.5.78? Tell 138.38.0.1"
"171","2025-01-06 10:31:38,112349","89.149.192.241","138.38.28.14","TCP","60","443  >  57058 [FIN, ACK] Seq=1 Ack=1 Win=913 Len=0"
"172","2025-01-06 10:31:38,123366","138.38.28.14","35.210.130.15","TCP","55","56406  >  443 [ACK] Seq=1 Ack=1 Win=254 Len=1"
"173","2025-01-06 10:31:38,215902","::","ff02::1:ff03:4d80","ICMPv6","86","Neighbor Solicitation for fe80::1a:f1f:1f03:4d80"
"174","2025-01-06 10:31:38,215902","0.0.0.0","255.255.255.255","DHCP","342","DHCP Discover - Transaction ID 0xb11a9c55"
"175","2025-01-06 10:31:38,216512","fe80::1a:f1f:1f03:4d80","ff02::2","ICMPv6","62","Router Solicitation"
"176","2025-01-06 10:31:38,216512","RuijieNetwor_ed:cd:8c","Broadcast","ARP","60","Who has 138.38.10.125? Tell 138.38.0.1"
"177","2025-01-06 10:31:38,217135","35.210.130.15","138.38.28.14","TCP","66","443  >  56406 [ACK] Seq=1 Ack=2 Win=1044 Len=0 SLE=1 SRE=2"
"178","2025-01-06 10:31:38,314741","138.38.28.14","35.214.183.184","TCP","55","56865  >  443 [ACK] Seq=1 Ack=1 Win=255 Len=1"
"179","2025-01-06 10:31:38,418423","fe80::1c46:9cf7:3a9b:2000","ff02::1:ff03:4d80","ICMPv6","86","Neighbor Solicitation for fe80::1a:f1f:1f03:4d80 from 04:9d:05:10:a9:d6"
"180","2025-01-06 10:31:38,419785","fe80::1437:2a69:803c:8de7","ff02::1:ff03:4d80","ICMPv6","86","Neighbor Solicitation for fe80::1a:f1f:1f03:4d80 from 04:9d:05:0f:f4:d0"
"181","2025-01-06 10:31:38,419785","fe80::cbd:98c1:4b89:9ab","ff02::1:ff03:4d80","ICMPv6","86","Neighbor Solicitation for fe80::1a:f1f:1f03:4d80 from 04:9d:05:11:48:e5"
"182","2025-01-06 10:31:38,419785","35.214.183.184","138.38.28.14","TCP","66","443  >  56865 [ACK] Seq=1 Ack=2 Win=1045 Len=0 SLE=1 SRE=2"
"183","2025-01-06 10:31:38,570980","138.38.28.14","35.214.136.108","TCP","55","56387  >  443 [ACK] Seq=1 Ack=1 Win=252 Len=1"
"184","2025-01-06 10:31:38,726174","35.214.136.108","138.38.28.14","TCP","66","443  >  56387 [ACK] Seq=1 Ack=2 Win=1043 Len=0 SLE=1 SRE=2"
"185","2025-01-06 10:31:38,777482","138.38.28.14","151.101.242.49","TCP","55","56795  >  443 [ACK] Seq=1 Ack=1 Win=252 Len=1"
"186","2025-01-06 10:31:38,931054","RuijieNetwor_ed:cd:8c","Broadcast","ARP","60","Who has 138.38.5.78? Tell 138.38.0.1"
"187","2025-01-06 10:31:38,931054","151.101.242.49","138.38.28.14","TCP","66","443  >  56795 [ACK] Seq=1 Ack=2 Win=315 Len=0 SLE=1 SRE=2"
"188","2025-01-06 10:31:39,096098","138.38.28.14","104.18.37.193","TCP","55","56929  >  443 [ACK] Seq=1 Ack=1 Win=255 Len=1"
"189","2025-01-06 10:31:39,111193","104.18.37.193","138.38.28.14","TCP","66","443  >  56929 [ACK] Seq=1 Ack=2 Win=10 Len=0 SLE=1 SRE=2"
"190","2025-01-06 10:31:39,137984","Apple_11:48:e5","Broadcast","ARP","56","ARP Announcement for 138.38.0.75"
"191","2025-01-06 10:31:39,241555","RuijieNetwor_ed:cd:8c","Broadcast","ARP","60","Who has 138.38.10.125? Tell 138.38.0.1"
"192","2025-01-06 10:31:39,340175","ChongqingFug_47:d5:57","Broadcast","ARP","56","Who has 169.254.169.254? Tell 138.38.28.39"
"193","2025-01-06 10:31:39,340246","RuijieNetwor_ed:cd:8c","Broadcast","ARP","60","Who has 138.38.10.125? Tell 138.38.0.1"
"194","2025-01-06 10:31:39,750122","40.101.70.194","138.38.28.14","TLSv1.2","95","Application Data"
"195","2025-01-06 10:31:39,766649","138.38.28.14","40.101.70.194","TLSv1.2","89","Application Data"
"196","2025-01-06 10:31:39,766771","138.38.28.14","40.101.70.194","TLSv1.2","89","Application Data"
"197","2025-01-06 10:31:39,852568","138.38.13.110","224.0.0.251","MDNS","291","Standard query response 0x0000 PTR, cache flush Android-3.local PTR, cache flush Android-3.local A, cache flush 138.38.13.110 AAAA, cache flush fe80::a843:56ff:fe87:1d3c NSEC, cache flush 110.13.38.138.in-addr.arpa NSEC, cache flush C.3.D.1.7.8.E.F.F.F.6.5.3.4.8.A.0.0.0.0.0.0.0.0.0.0.0.0.0.8.E.F.ip6.arpa NSEC, cache flush Android-3.local"
"198","2025-01-06 10:31:39,853953","fe80::a843:56ff:fe87:1d3c","ff02::fb","MDNS","311","Standard query response 0x0000 PTR, cache flush Android-3.local PTR, cache flush Android-3.local A, cache flush 138.38.13.110 AAAA, cache flush fe80::a843:56ff:fe87:1d3c NSEC, cache flush 110.13.38.138.in-addr.arpa NSEC, cache flush C.3.D.1.7.8.E.F.F.F.6.5.3.4.8.A.0.0.0.0.0.0.0.0.0.0.0.0.0.8.E.F.ip6.arpa NSEC, cache flush Android-3.local"
"199","2025-01-06 10:31:39,853953","RuijieNetwor_ed:cd:8c","Broadcast","ARP","60","Who has 138.38.5.78? Tell 138.38.0.1"
"200","2025-01-06 10:31:39,855410","40.101.70.194","138.38.28.14","TCP","60","443  >  55684 [ACK] Seq=4294 Ack=5116 Win=16384 Len=0"
"201","2025-01-06 10:31:40,161035","ChongqingFug_47:d5:57","Broadcast","ARP","56","Who has 169.254.169.254? Tell 138.38.28.39"
"202","2025-01-06 10:31:40,161035","RuijieNetwor_ed:cd:8c","Broadcast","ARP","60","Who has 138.38.10.125? Tell 138.38.0.1"
"203","2025-01-06 10:31:40,262233","0.0.0.0","255.255.255.255","DHCP","342","DHCP Request  - Transaction ID 0xb11a9c55"
"204","2025-01-06 10:31:40,262233","Apple_11:18:bb","Broadcast","ARP","56","Who has 138.38.10.125? (ARP Probe)"
"205","2025-01-06 10:31:40,569530","Apple_11:18:bb","Broadcast","ARP","56","Who has 138.38.10.125? (ARP Probe)"
"206","2025-01-06 10:31:40,876069","fe80::8c5b:74ff:fe10:51ec","ff02::2","ICMPv6","70","Router Solicitation from 8e:5b:74:10:51:ec"
"207","2025-01-06 10:31:40,978566","Apple_11:18:bb","Broadcast","ARP","56","Who has 138.38.10.125? (ARP Probe)"
"208","2025-01-06 10:31:41,081538","ChongqingFug_47:d5:57","Broadcast","ARP","56","Who has 169.254.169.254? Tell 138.38.28.39"
"209","2025-01-06 10:31:41,185646","RuijieNetwor_ed:cd:8c","Broadcast","ARP","60","Who has 138.38.10.125? Tell 138.38.0.1"
"210","2025-01-06 10:31:41,286336","Apple_11:18:bb","Broadcast","ARP","56","ARP Announcement for 138.38.10.125"
"211","2025-01-06 10:31:41,593250","Apple_11:18:bb","Broadcast","ARP","56","ARP Announcement for 138.38.10.125"
"212","2025-01-06 10:31:41,902125","Apple_11:18:bb","Broadcast","ARP","56","ARP Announcement for 138.38.10.125"
"213","2025-01-06 10:31:41,902125","Apple_11:18:bb","Broadcast","ARP","56","Who has 138.38.0.1? Tell 138.38.10.125"
"214","2025-01-06 10:31:42,002216","Apple_11:18:bb","Broadcast","ARP","56","Who has 138.38.0.1? Tell 138.38.10.125"
"215","2025-01-06 10:31:42,415625","fe80::1a:f1f:1f03:4d80","ff02::2","ICMPv6","70","Router Solicitation from 04:9d:05:11:18:bb"
"216","2025-01-06 10:31:42,491124","138.38.28.14","192.0.78.13","TCP","55","57064  >  443 [ACK] Seq=1 Ack=1 Win=1023 Len=1"
"217","2025-01-06 10:31:42,617208","192.0.78.13","138.38.28.14","TCP","66","443  >  57064 [ACK] Seq=1 Ack=2 Win=83 Len=0 SLE=1 SRE=2"
"218","2025-01-06 10:31:43,129590","fe80::7876:a3ff:fe91:82e8","ff02::2","ICMPv6","70","Router Solicitation from 7a:76:a3:91:82:e8"
"219","2025-01-06 10:31:43,589340","138.38.28.14","192.0.77.32","TCP","55","57059  >  443 [ACK] Seq=1 Ack=1 Win=253 Len=1"
"220","2025-01-06 10:31:43,641246","::","ff02::1:ff1e:5a1d","ICMPv6","86","Neighbor Solicitation for fe80::5ca3:4ff:fe1e:5a1d"
"221","2025-01-06 10:31:43,701246","138.38.28.14","192.0.77.32","TCP","55","57067  >  443 [ACK] Seq=1 Ack=1 Win=253 Len=1"
"222","2025-01-06 10:31:43,710359","192.0.77.32","138.38.28.14","TCP","60","443  >  57059 [ACK] Seq=1 Ack=2 Win=83 Len=0"
"223","2025-01-06 10:31:43,744245","0.0.0.0","255.255.255.255","DHCP","362","DHCP Discover - Transaction ID 0xcbc981fc"
"224","2025-01-06 10:31:43,744618","RuijieNetwor_ed:cd:8c","Broadcast","ARP","60","Who has 138.38.14.77? Tell 138.38.0.1"
"225","2025-01-06 10:31:43,749895","192.0.77.32","138.38.28.14","TCP","60","443  >  57067 [ACK] Seq=1 Ack=2 Win=83 Len=0"
"226","2025-01-06 10:31:44,461200","fe80::5ca3:4ff:fe1e:5a1d","ff02::2","ICMPv6","70","Router Solicitation from 5e:a3:04:1e:5a:1d"
"227","2025-01-06 10:31:44,769237","RuijieNetwor_ed:cd:8c","Broadcast","ARP","60","Who has 138.38.14.77? Tell 138.38.0.1"
"228","2025-01-06 10:31:44,769237","0.0.0.0","255.255.255.255","DHCP","362","DHCP Discover - Transaction ID 0xcbc981fc"
"229","2025-01-06 10:31:44,870496","0.0.0.0","255.255.255.255","DHCP","372","DHCP Request  - Transaction ID 0xcbc981fc"
"230","2025-01-06 10:31:44,870496","RuijieNetwor_ed:cd:8c","Broadcast","ARP","60","Who has 138.38.14.77? Tell 138.38.0.1"
"231","2025-01-06 10:31:44,972093","5e:a3:04:1e:5a:1d","Broadcast","ARP","56","Who has 138.38.0.1? Tell 138.38.14.77"
"232","2025-01-06 10:31:45,280854","5e:a3:04:1e:5a:1d","Broadcast","ARP","56","Who has 138.38.0.1? Tell 138.38.14.77"
"233","2025-01-06 10:31:45,995885","fe80::10c1:fb38:ea7e:2d09","ff02::2","ICMPv6","70","Router Solicitation from a6:5c:5f:7b:94:ba"
"234","2025-01-06 10:31:46,508674","fe80::1c6d:c264:a804:3bf0","ff02::16","ICMPv6","90","Multicast Listener Report Message v2"
"235","2025-01-06 10:31:46,508674","138.38.17.84","224.0.0.251","MDNS","124","Standard query 0x0000 PTR _companion-link._tcp.local, ""QU"" question PTR _rdlink._tcp.local, ""QU"" question PTR _sleep-proxy._udp.local, ""QU"" question"
"236","2025-01-06 10:31:46,508674","fe80::1c6d:c264:a804:3bf0","ff02::fb","MDNS","144","Standard query 0x0000 PTR _companion-link._tcp.local, ""QU"" question PTR _rdlink._tcp.local, ""QU"" question PTR _sleep-proxy._udp.local, ""QU"" question"
"237","2025-01-06 10:31:46,509527","de:9d:4c:e6:64:04","Broadcast","ARP","64","Gratuitous ARP for 138.38.24.0 (Request)"
"238","2025-01-06 10:31:46,815091","fe80::1a:f1f:1f03:4d80","ff02::2","ICMPv6","70","Router Solicitation from 04:9d:05:11:18:bb"
"239","2025-01-06 10:31:47,327708","172.217.20.74","138.38.28.14","TLSv1.2","338","Application Data"
"240","2025-01-06 10:31:47,328371","138.38.28.14","172.217.20.74","TLSv1.2","89","Application Data"
"241","2025-01-06 10:31:47,329333","138.38.28.14","172.217.20.74","TLSv1.2","89","Application Data"
"242","2025-01-06 10:31:47,430359","138.38.17.84","224.0.0.251","MDNS","124","Standard query 0x0000 PTR _companion-link._tcp.local, ""QM"" question PTR _rdlink._tcp.local, ""QM"" question PTR _sleep-proxy._udp.local, ""QM"" question"
"243","2025-01-06 10:31:47,431278","fe80::1c6d:c264:a804:3bf0","ff02::fb","MDNS","144","Standard query 0x0000 PTR _companion-link._tcp.local, ""QM"" question PTR _rdlink._tcp.local, ""QM"" question PTR _sleep-proxy._udp.local, ""QM"" question"
"244","2025-01-06 10:31:47,431278","172.217.20.74","138.38.28.14","TCP","60","443  >  55970 [ACK] Seq=285 Ack=36 Win=989 Len=0"
"245","2025-01-06 10:31:47,431278","172.217.20.74","138.38.28.14","TCP","60","443  >  55970 [ACK] Seq=285 Ack=71 Win=989 Len=0"
"246","2025-01-06 10:31:47,634898","fe80::1c6d:c264:a804:3bf0","ff02::16","ICMPv6","90","Multicast Listener Report Message v2"
"247","2025-01-06 10:31:47,839903","138.38.25.2","138.38.31.255","NBNS","92","Name query NB DESKTOP-APUR0KN<1c>"
"248","2025-01-06 10:31:48,555674","138.38.25.2","138.38.31.255","NBNS","92","Name query NB DESKTOP-APUR0KN<1c>"
"249","2025-01-06 10:31:48,761718","fe80::5ca3:4ff:fe1e:5a1d","ff02::2","ICMPv6","70","Router Solicitation from 5e:a3:04:1e:5a:1d"
"250","2025-01-06 10:31:48,863936","0.0.0.0","255.255.255.255","DHCP","342","DHCP Request  - Transaction ID 0x54d26b99"
"251","2025-01-06 10:31:48,863936","::","ff02::1:ff86:1aa3","ICMPv6","86","Neighbor Solicitation for fe80::86c:bce9:8486:1aa3"
"252","2025-01-06 10:31:48,864027","fe80::86c:bce9:8486:1aa3","ff02::2","ICMPv6","62","Router Solicitation"
"253","2025-01-06 10:31:48,864027","e6:9d:50:80:25:db","Broadcast","ARP","56","ARP Announcement for 138.38.28.36"
"254","2025-01-06 10:31:48,976922","e6:9d:50:80:25:db","Broadcast","ARP","56","Who has 138.38.0.1? Tell 138.38.28.36"
"255","2025-01-06 10:31:49,170861","d2:e1:c9:99:c3:e3","Broadcast","ARP","56","Who has 138.38.0.1? Tell 138.38.4.112"
"256","2025-01-06 10:31:49,273308","16:49:3d:1d:06:e9","Broadcast","ARP","56","Who has 138.38.0.1? Tell 138.38.7.139"
"257","2025-01-06 10:31:49,377785","138.38.25.2","138.38.31.255","NBNS","92","Name query NB DESKTOP-APUR0KN<1c>"
"258","2025-01-06 10:31:49,580373","::","ff02::1:ff1c:6314","ICMPv6","86","Neighbor Solicitation for fe80::b03:3bf0:711c:6314"
"259","2025-01-06 10:31:49,785244","0.0.0.0","255.255.255.255","DHCP","346","DHCP Discover - Transaction ID 0x3c365783"
"260","2025-01-06 10:31:49,785244","RuijieNetwor_ed:cd:8c","Broadcast","ARP","60","Who has 138.38.7.248? Tell 138.38.0.1"
"261","2025-01-06 10:31:50,195273","e6:9d:50:80:25:db","Broadcast","ARP","56","ARP Announcement for 138.38.28.36"
"262","2025-01-06 10:31:50,706615","fe80::b03:3bf0:711c:6314","ff02::2","ICMPv6","70","Router Solicitation from 4c:63:71:b0:d0:e9"
"263","2025-01-06 10:31:50,809137","0.0.0.0","255.255.255.255","DHCP","346","DHCP Discover - Transaction ID 0x3c365783"
"264","2025-01-06 10:31:50,809137","RuijieNetwor_ed:cd:8c","Broadcast","ARP","60","Who has 138.38.7.248? Tell 138.38.0.1"
"265","2025-01-06 10:31:50,911093","138.38.25.2","138.38.31.255","NBNS","92","Name query NB DESKTOP-APUR0KN<1c>"
"266","2025-01-06 10:31:50,911702","0.0.0.0","255.255.255.255","DHCP","356","DHCP Request  - Transaction ID 0x3c365783"
"267","2025-01-06 10:31:50,911702","RuijieNetwor_ed:cd:8c","Broadcast","ARP","60","Who has 138.38.7.248? Tell 138.38.0.1"
"268","2025-01-06 10:31:51,218911","XiaomiCommun_b0:d0:e9","Broadcast","ARP","56","Who has 138.38.0.1? Tell 138.38.7.248"
"269","2025-01-06 10:31:51,577124","138.38.28.14","140.82.114.26","TCP","55","56014  >  443 [ACK] Seq=1 Ack=1 Win=251 Len=1"
"270","2025-01-06 10:31:51,730379","138.38.25.2","138.38.31.255","NBNS","92","Name query NB DESKTOP-APUR0KN<1c>"
"271","2025-01-06 10:31:51,730981","140.82.114.26","138.38.28.14","TCP","66","443  >  56014 [ACK] Seq=1 Ack=2 Win=76 Len=0 SLE=1 SRE=2"
"272","2025-01-06 10:31:51,832755","fe80::506a:8ff:fe1c:a78a","ff02::2","ICMPv6","70","Router Solicitation from 52:6a:08:1c:a7:8a"
"273","2025-01-06 10:31:52,199252","138.38.28.14","40.101.70.194","TCP","55","57069  >  443 [ACK] Seq=1 Ack=1 Win=1023 Len=1"
"274","2025-01-06 10:31:52,345908","40.101.70.194","138.38.28.14","TCP","66","443  >  57069 [ACK] Seq=1 Ack=2 Win=16385 Len=0 SLE=1 SRE=2"
"275","2025-01-06 10:31:52,447200","138.38.25.2","138.38.31.255","NBNS","92","Name query NB DESKTOP-APUR0KN<1c>"
"276","2025-01-06 10:31:53,061612","fe80::86c:bce9:8486:1aa3","ff02::2","ICMPv6","70","Router Solicitation from e6:9d:50:80:25:db"
"277","2025-01-06 10:31:53,163941","3e:64:12:83:02:26","Broadcast","ARP","56","Who has 138.38.0.1? Tell 138.38.3.241"
"278","2025-01-06 10:31:53,267147","c2:18:55:80:bf:91","Broadcast","ARP","56","Who has 138.38.0.1? Tell 138.38.28.8"
"279","2025-01-06 10:31:53,778938","fe80::4603:4b7b:ff26:e748","ff02::2","ICMPv6","70","Router Solicitation from 88:52:eb:7e:d9:2c"
"280","2025-01-06 10:31:54,393727","40.101.70.194","138.38.28.14","TLSv1.2","95","Application Data"
"281","2025-01-06 10:31:54,409334","138.38.28.14","40.101.70.194","TLSv1.2","89","Application Data"
"282","2025-01-06 10:31:54,409436","138.38.28.14","40.101.70.194","TLSv1.2","89","Application Data"
"283","2025-01-06 10:31:54,498349","e6:9d:50:80:25:db","Broadcast","ARP","56","Who has 138.38.0.1? Tell 138.38.28.36"
"284","2025-01-06 10:31:54,500746","40.101.70.194","138.38.28.14","TCP","60","443  >  55684 [ACK] Seq=4335 Ack=5186 Win=16383 Len=0"
"285","2025-01-06 10:31:54,505056","138.38.28.14","20.199.120.182","TLSv1.2","97","Application Data"
"286","2025-01-06 10:31:54,599683","fe80::b03:3bf0:711c:6314","ff02::2","ICMPv6","70","Router Solicitation from 4c:63:71:b0:d0:e9"
"287","2025-01-06 10:31:54,613662","20.199.120.182","138.38.28.14","TLSv1.2","228","Application Data"
"288","2025-01-06 10:31:54,663638","138.38.28.14","20.199.120.182","TCP","54","55561  >  443 [ACK] Seq=44 Ack=175 Win=254 Len=0"
"289","2025-01-06 10:31:54,700578","XiaomiCommun_b0:d0:e9","Broadcast","ARP","56","Who has 138.38.0.149? Tell 138.38.7.248"
"290","2025-01-06 10:31:54,700578","fe80::b03:3bf0:711c:6314","ff02::1:ff52:19de","ICMPv6","86","Neighbor Solicitation for fe80::f14f:f4af:1352:19de from 4c:63:71:b0:d0:e9"
"291","2025-01-06 10:31:55,417531","162.159.153.4","138.38.28.14","TLSv1.2","93","Application Data"
"292","2025-01-06 10:31:55,417675","162.159.153.4","138.38.28.14","TCP","60","443  >  56314 [FIN, ACK] Seq=40 Ack=1 Win=8 Len=0"
"293","2025-01-06 10:31:55,417717","138.38.28.14","162.159.153.4","TCP","54","56314  >  443 [ACK] Seq=1 Ack=41 Win=1022 Len=0"
"294","2025-01-06 10:31:55,418038","138.38.28.14","162.159.153.4","TCP","54","56314  >  443 [FIN, ACK] Seq=1 Ack=41 Win=1022 Len=0"
"295","2025-01-06 10:31:55,520717","162.159.153.4","138.38.28.14","TCP","60","443  >  56314 [ACK] Seq=41 Ack=2 Win=8 Len=0"
"296","2025-01-06 10:31:55,929431","ee:4d:44:20:76:c3","Broadcast","ARP","56","Gratuitous ARP for 138.38.0.147 (Reply)"
"297","2025-01-06 10:31:56,544113","3e:3a:8a:1a:56:41","Broadcast","ARP","56","Gratuitous ARP for 138.38.6.146 (Reply)"
"298","2025-01-06 10:31:56,646681","3e:3a:8a:1a:56:41","Broadcast","ARP","56","Who has 138.38.0.1? Tell 138.38.6.146"
"299","2025-01-06 10:31:56,812239","138.38.28.14","173.194.69.188","TCP","55","55572  >  5228 [ACK] Seq=1 Ack=1 Win=253 Len=1"
"300","2025-01-06 10:31:56,952804","fe80::5ca3:4ff:fe1e:5a1d","ff02::2","ICMPv6","70","Router Solicitation from 5e:a3:04:1e:5a:1d"
"301","2025-01-06 10:31:56,953289","173.194.69.188","138.38.28.14","TCP","66","5228  >  55572 [ACK] Seq=1 Ack=2 Win=1046 Len=0 SLE=1 SRE=2"
"302","2025-01-06 10:31:57,774663","fe80::86c:bce9:8486:1aa3","ff02::2","ICMPv6","70","Router Solicitation from e6:9d:50:80:25:db"
"303","2025-01-06 10:31:58,591773","fe80::4de2:791a:2bb7:4cbb","ff02::2","ICMPv6","70","Router Solicitation from 18:87:40:c8:fd:1c"
